--
-- PostgreSQL database dump
--

\restrict NHoff46VytyqZSmJrskQ5jTJbmCQzJcv2B9qm8JYHpwlsLHushfDmfrP63fSdJf

-- Dumped from database version 18.0
-- Dumped by pg_dump version 18.0

-- Started on 2025-11-25 22:17:32

SET statement_timeout = 0;
SET lock_timeout = 0;
SET idle_in_transaction_session_timeout = 0;
SET transaction_timeout = 0;
SET client_encoding = 'UTF8';
SET standard_conforming_strings = on;
SELECT pg_catalog.set_config('search_path', '', false);
SET check_function_bodies = false;
SET xmloption = content;
SET client_min_messages = warning;
SET row_security = off;

SET default_tablespace = '';

SET default_table_access_method = heap;

--
-- TOC entry 220 (class 1259 OID 17266)
-- Name: cita; Type: TABLE; Schema: public; Owner: postgres
--

CREATE TABLE public.cita (
    fecha date NOT NULL,
    hora time(6) without time zone NOT NULL,
    id_cita integer NOT NULL,
    id_estado integer NOT NULL,
    id_medico integer NOT NULL,
    id_paciente integer NOT NULL
);


ALTER TABLE public.cita OWNER TO postgres;

--
-- TOC entry 219 (class 1259 OID 17265)
-- Name: cita_id_cita_seq; Type: SEQUENCE; Schema: public; Owner: postgres
--

ALTER TABLE public.cita ALTER COLUMN id_cita ADD GENERATED BY DEFAULT AS IDENTITY (
    SEQUENCE NAME public.cita_id_cita_seq
    START WITH 1
    INCREMENT BY 1
    NO MINVALUE
    NO MAXVALUE
    CACHE 1
);


--
-- TOC entry 222 (class 1259 OID 17278)
-- Name: disponibilidad; Type: TABLE; Schema: public; Owner: postgres
--

CREATE TABLE public.disponibilidad (
    fecha date,
    hora_fin time(6) without time zone,
    hora_inicio time(6) without time zone,
    id_disponibilidad integer NOT NULL,
    id_medico integer NOT NULL
);


ALTER TABLE public.disponibilidad OWNER TO postgres;

--
-- TOC entry 221 (class 1259 OID 17277)
-- Name: disponibilidad_id_disponibilidad_seq; Type: SEQUENCE; Schema: public; Owner: postgres
--

ALTER TABLE public.disponibilidad ALTER COLUMN id_disponibilidad ADD GENERATED BY DEFAULT AS IDENTITY (
    SEQUENCE NAME public.disponibilidad_id_disponibilidad_seq
    START WITH 1
    INCREMENT BY 1
    NO MINVALUE
    NO MAXVALUE
    CACHE 1
);


--
-- TOC entry 224 (class 1259 OID 17286)
-- Name: estado; Type: TABLE; Schema: public; Owner: postgres
--

CREATE TABLE public.estado (
    id_estado integer NOT NULL,
    nombre_estado character varying(100) NOT NULL,
    descripcion character varying(255)
);


ALTER TABLE public.estado OWNER TO postgres;

--
-- TOC entry 223 (class 1259 OID 17285)
-- Name: estado_id_estado_seq; Type: SEQUENCE; Schema: public; Owner: postgres
--

ALTER TABLE public.estado ALTER COLUMN id_estado ADD GENERATED BY DEFAULT AS IDENTITY (
    SEQUENCE NAME public.estado_id_estado_seq
    START WITH 1
    INCREMENT BY 1
    NO MINVALUE
    NO MAXVALUE
    CACHE 1
);


--
-- TOC entry 226 (class 1259 OID 17296)
-- Name: historial_medico; Type: TABLE; Schema: public; Owner: postgres
--

CREATE TABLE public.historial_medico (
    fecha_registro date NOT NULL,
    id_cita integer NOT NULL,
    id_historial integer NOT NULL,
    diagnostico text,
    observaciones text,
    tratamiento text
);


ALTER TABLE public.historial_medico OWNER TO postgres;

--
-- TOC entry 225 (class 1259 OID 17295)
-- Name: historial_medico_id_historial_seq; Type: SEQUENCE; Schema: public; Owner: postgres
--

ALTER TABLE public.historial_medico ALTER COLUMN id_historial ADD GENERATED BY DEFAULT AS IDENTITY (
    SEQUENCE NAME public.historial_medico_id_historial_seq
    START WITH 1
    INCREMENT BY 1
    NO MINVALUE
    NO MAXVALUE
    CACHE 1
);


--
-- TOC entry 228 (class 1259 OID 17309)
-- Name: medico; Type: TABLE; Schema: public; Owner: postgres
--

CREATE TABLE public.medico (
    id_estado integer NOT NULL,
    id_medico integer NOT NULL,
    id_usuario integer NOT NULL,
    especialidad character varying(255) NOT NULL
);


ALTER TABLE public.medico OWNER TO postgres;

--
-- TOC entry 227 (class 1259 OID 17308)
-- Name: medico_id_medico_seq; Type: SEQUENCE; Schema: public; Owner: postgres
--

ALTER TABLE public.medico ALTER COLUMN id_medico ADD GENERATED BY DEFAULT AS IDENTITY (
    SEQUENCE NAME public.medico_id_medico_seq
    START WITH 1
    INCREMENT BY 1
    NO MINVALUE
    NO MAXVALUE
    CACHE 1
);


--
-- TOC entry 230 (class 1259 OID 17321)
-- Name: monitoria; Type: TABLE; Schema: public; Owner: postgres
--

CREATE TABLE public.monitoria (
    id_monitoria integer NOT NULL,
    usuario_responsable integer,
    fecha timestamp without time zone DEFAULT CURRENT_TIMESTAMP,
    accion character varying(50) NOT NULL,
    tabla_afectada character varying(100) NOT NULL,
    descripcion text
);


ALTER TABLE public.monitoria OWNER TO postgres;

--
-- TOC entry 229 (class 1259 OID 17320)
-- Name: monitoria_id_monitoria_seq; Type: SEQUENCE; Schema: public; Owner: postgres
--

ALTER TABLE public.monitoria ALTER COLUMN id_monitoria ADD GENERATED BY DEFAULT AS IDENTITY (
    SEQUENCE NAME public.monitoria_id_monitoria_seq
    START WITH 1
    INCREMENT BY 1
    NO MINVALUE
    NO MAXVALUE
    CACHE 1
);


--
-- TOC entry 232 (class 1259 OID 17333)
-- Name: paciente; Type: TABLE; Schema: public; Owner: postgres
--

CREATE TABLE public.paciente (
    id_estado integer NOT NULL,
    id_paciente integer NOT NULL,
    id_usuario integer NOT NULL,
    eps character varying(255) NOT NULL
);


ALTER TABLE public.paciente OWNER TO postgres;

--
-- TOC entry 231 (class 1259 OID 17332)
-- Name: paciente_id_paciente_seq; Type: SEQUENCE; Schema: public; Owner: postgres
--

ALTER TABLE public.paciente ALTER COLUMN id_paciente ADD GENERATED BY DEFAULT AS IDENTITY (
    SEQUENCE NAME public.paciente_id_paciente_seq
    START WITH 1
    INCREMENT BY 1
    NO MINVALUE
    NO MAXVALUE
    CACHE 1
);


--
-- TOC entry 234 (class 1259 OID 17343)
-- Name: rol; Type: TABLE; Schema: public; Owner: postgres
--

CREATE TABLE public.rol (
    id_estado integer NOT NULL,
    id_rol integer NOT NULL,
    descripcion character varying(255),
    nombre_rol character varying(255) NOT NULL
);


ALTER TABLE public.rol OWNER TO postgres;

--
-- TOC entry 233 (class 1259 OID 17342)
-- Name: rol_id_rol_seq; Type: SEQUENCE; Schema: public; Owner: postgres
--

ALTER TABLE public.rol ALTER COLUMN id_rol ADD GENERATED BY DEFAULT AS IDENTITY (
    SEQUENCE NAME public.rol_id_rol_seq
    START WITH 1
    INCREMENT BY 1
    NO MINVALUE
    NO MAXVALUE
    CACHE 1
);


--
-- TOC entry 236 (class 1259 OID 17354)
-- Name: usuario; Type: TABLE; Schema: public; Owner: postgres
--

CREATE TABLE public.usuario (
    fecha_nacimiento date NOT NULL,
    id_estado integer NOT NULL,
    id_rol integer NOT NULL,
    id_usuario integer NOT NULL,
    telefono character varying(20) NOT NULL,
    apellido character varying(100) NOT NULL,
    correo character varying(100) NOT NULL,
    nombre character varying(100) NOT NULL,
    contrasena character varying(150) NOT NULL,
    direccion character varying(150) NOT NULL
);


ALTER TABLE public.usuario OWNER TO postgres;

--
-- TOC entry 235 (class 1259 OID 17353)
-- Name: usuario_id_usuario_seq; Type: SEQUENCE; Schema: public; Owner: postgres
--

ALTER TABLE public.usuario ALTER COLUMN id_usuario ADD GENERATED BY DEFAULT AS IDENTITY (
    SEQUENCE NAME public.usuario_id_usuario_seq
    START WITH 1
    INCREMENT BY 1
    NO MINVALUE
    NO MAXVALUE
    CACHE 1
);


--
-- TOC entry 5084 (class 0 OID 17266)
-- Dependencies: 220
-- Data for Name: cita; Type: TABLE DATA; Schema: public; Owner: postgres
--

COPY public.cita (fecha, hora, id_cita, id_estado, id_medico, id_paciente) FROM stdin;
2025-11-27	09:00:00	1	1	1	1
2025-11-27	10:30:00	2	2	2	2
2025-11-27	14:00:00	3	3	3	3
2025-11-28	08:00:00	4	1	1	4
2025-11-28	15:00:00	5	4	2	5
2025-11-27	10:00:00	6	4	1	6
2025-11-27	10:30:00	7	4	1	6
2025-11-27	11:00:00	8	2	1	6
\.


--
-- TOC entry 5086 (class 0 OID 17278)
-- Dependencies: 222
-- Data for Name: disponibilidad; Type: TABLE DATA; Schema: public; Owner: postgres
--

COPY public.disponibilidad (fecha, hora_fin, hora_inicio, id_disponibilidad, id_medico) FROM stdin;
2025-11-27	20:00:00	06:00:00	1	1
2025-11-27	20:00:00	06:00:00	2	2
2025-11-27	20:00:00	06:00:00	3	3
2025-11-28	20:00:00	06:00:00	4	1
2025-11-28	20:00:00	06:00:00	5	2
2025-11-28	20:00:00	06:00:00	6	3
2025-12-01	10:00:00	08:00:00	7	1
2025-12-01	16:52:00	13:00:00	8	1
\.


--
-- TOC entry 5088 (class 0 OID 17286)
-- Dependencies: 224
-- Data for Name: estado; Type: TABLE DATA; Schema: public; Owner: postgres
--

COPY public.estado (id_estado, nombre_estado, descripcion) FROM stdin;
1	PENDIENTE	Cita solicitada por el paciente, esperando confirmación del médico
2	ACTIVA	Cita confirmada por el médico, programada para realizarse
3	COMPLETADA	Consulta realizada, con observaciones médicas registradas
4	CANCELADA	Cita cancelada por el paciente o el médico
5	NO_ASISTIO	El paciente no asistió a la cita programada
7	INACTIVO	Estado general para desactivar recursos o usuarios
\.


--
-- TOC entry 5090 (class 0 OID 17296)
-- Dependencies: 226
-- Data for Name: historial_medico; Type: TABLE DATA; Schema: public; Owner: postgres
--

COPY public.historial_medico (fecha_registro, id_cita, id_historial, diagnostico, observaciones, tratamiento) FROM stdin;
2025-11-27	3	1	Migraña leve	Paciente reporta dolor persistente por 2 días	Acetaminofén cada 8h
2025-11-27	2	2	Alergia dermatológica	Erupciones en brazos	Crema antihistamínica por 7 días
2025-11-27	1	3	Chequeo pediátrico	Desarrollo normal	Continuar alimentación balanceada
2025-11-25	4	4	Diabetes	Tener cuidado con alimentos dulces en azucar	Inyecciones de insulina
\.


--
-- TOC entry 5092 (class 0 OID 17309)
-- Dependencies: 228
-- Data for Name: medico; Type: TABLE DATA; Schema: public; Owner: postgres
--

COPY public.medico (id_estado, id_medico, id_usuario, especialidad) FROM stdin;
2	1	3	Medicina General
2	2	4	Pediatría
2	3	5	Dermatología
\.


--
-- TOC entry 5094 (class 0 OID 17321)
-- Dependencies: 230
-- Data for Name: monitoria; Type: TABLE DATA; Schema: public; Owner: postgres
--

COPY public.monitoria (id_monitoria, usuario_responsable, fecha, accion, tabla_afectada, descripcion) FROM stdin;
1	\N	2025-11-25 20:19:06.535039	CREATE	usuario	Creó el usuario con correo: brandon@gmail.com
2	\N	2025-11-25 20:19:06.597898	CREATE	paciente	Se creó paciente para el usuario ID 11
3	6	2025-11-25 20:32:58.965619	CREATE	cita	Se creó la cita ID 6
4	6	2025-11-25 20:36:36.976737	UPDATE	cita	Se actualizó la cita ID 6
5	6	2025-11-25 20:37:56.610347	CREATE	cita	Se creó la cita ID 7
6	6	2025-11-25 20:42:13.670853	UPDATE	cita	Se actualizó la cita ID 7
7	6	2025-11-25 20:47:30.056036	CREATE	cita	Se creó la cita ID 8
8	3	2025-11-25 20:51:46.496439	CREATE	disponibilidad	Se creó la disponibilidad ID 7
9	3	2025-11-25 20:53:00.037783	CREATE	disponibilidad	Se creó la disponibilidad ID 8
10	6	2025-11-25 20:58:42.659164	UPDATE	cita	Se actualizó la cita ID 8
11	3	2025-11-25 21:05:03.613193	CREATE	historial_medico	Se creó el historial médico ID 4
12	2	2025-11-25 21:16:38.837867	CREATE	usuario	Creó el usuario con correo: rodas@gamil.com
13	2	2025-11-25 21:18:06.489722	UPDATE	usuario	Actualizó el usuario ID 12
14	2	2025-11-25 21:22:13.811888	CREATE	usuario	Creó el usuario con correo: aria@gmail.com
15	2	2025-11-25 21:22:55.327087	UPDATE	usuario	Actualizó el usuario ID 13
\.


--
-- TOC entry 5096 (class 0 OID 17333)
-- Dependencies: 232
-- Data for Name: paciente; Type: TABLE DATA; Schema: public; Owner: postgres
--

COPY public.paciente (id_estado, id_paciente, id_usuario, eps) FROM stdin;
2	1	6	SURA
2	2	7	SANITAS
2	3	8	COOMEVA
2	4	9	NUEVA EPS
2	5	10	SURA
1	6	11	nueva Eps
\.


--
-- TOC entry 5098 (class 0 OID 17343)
-- Dependencies: 234
-- Data for Name: rol; Type: TABLE DATA; Schema: public; Owner: postgres
--

COPY public.rol (id_estado, id_rol, descripcion, nombre_rol) FROM stdin;
2	1	Administrador del sistema	Administrador
2	2	Profesional de salud con agenda y pacientes	Medico
2	3	Usuario paciente del sistema	Paciente
\.


--
-- TOC entry 5100 (class 0 OID 17354)
-- Dependencies: 236
-- Data for Name: usuario; Type: TABLE DATA; Schema: public; Owner: postgres
--

COPY public.usuario (fecha_nacimiento, id_estado, id_rol, id_usuario, telefono, apellido, correo, nombre, contrasena, direccion) FROM stdin;
1990-01-01	2	1	1	3001111111	Admin	admin1@healpoint.com	Juan	admin123	Calle 1 #10-20
1992-02-02	2	1	2	3002222222	Admin	admin2@healpoint.com	Maria	admin123	Calle 2 #20-30
1985-03-10	2	2	3	3011111111	Gomez	medico1@healpoint.com	Carlos	med123	Calle 3 #30-40
1980-05-22	2	2	4	3012222222	Martinez	medico2@healpoint.com	Luisa	med123	Calle 4 #40-50
1987-07-15	2	2	5	3013333333	Lopez	medico3@healpoint.com	Andres	med123	Calle 5 #50-60
2000-01-01	2	3	6	3021111111	Ramirez	pac1@healpoint.com	Pedro	pac123	Calle 6 #60-70
1999-02-02	2	3	7	3022222222	Perez	pac2@healpoint.com	Sofia	pac123	Calle 7 #70-80
1998-03-03	2	3	8	3023333333	Castaño	pac3@healpoint.com	Jorge	pac123	Calle 8 #80-90
1997-04-04	2	3	9	3024444444	Mora	pac4@healpoint.com	Laura	pac123	Calle 9 #90-100
1996-05-05	2	3	10	3025555555	Salazar	pac5@healpoint.com	Diego	pac123	Calle 10 #100-110
2002-03-02	2	3	11	2341212121	Carvajal	brandon@gmail.com	Brandon	bs123	calle 8
2005-05-31	7	3	12	99789878	Rodas	rodas@gamil.com	Jose	jrs123	Calle 123
2004-06-09	7	2	13	67878996	Arias	aria@gmail.com	Eduar	eaa123	calle 89
\.


--
-- TOC entry 5106 (class 0 OID 0)
-- Dependencies: 219
-- Name: cita_id_cita_seq; Type: SEQUENCE SET; Schema: public; Owner: postgres
--

SELECT pg_catalog.setval('public.cita_id_cita_seq', 8, true);


--
-- TOC entry 5107 (class 0 OID 0)
-- Dependencies: 221
-- Name: disponibilidad_id_disponibilidad_seq; Type: SEQUENCE SET; Schema: public; Owner: postgres
--

SELECT pg_catalog.setval('public.disponibilidad_id_disponibilidad_seq', 8, true);


--
-- TOC entry 5108 (class 0 OID 0)
-- Dependencies: 223
-- Name: estado_id_estado_seq; Type: SEQUENCE SET; Schema: public; Owner: postgres
--

SELECT pg_catalog.setval('public.estado_id_estado_seq', 7, true);


--
-- TOC entry 5109 (class 0 OID 0)
-- Dependencies: 225
-- Name: historial_medico_id_historial_seq; Type: SEQUENCE SET; Schema: public; Owner: postgres
--

SELECT pg_catalog.setval('public.historial_medico_id_historial_seq', 4, true);


--
-- TOC entry 5110 (class 0 OID 0)
-- Dependencies: 227
-- Name: medico_id_medico_seq; Type: SEQUENCE SET; Schema: public; Owner: postgres
--

SELECT pg_catalog.setval('public.medico_id_medico_seq', 3, true);


--
-- TOC entry 5111 (class 0 OID 0)
-- Dependencies: 229
-- Name: monitoria_id_monitoria_seq; Type: SEQUENCE SET; Schema: public; Owner: postgres
--

SELECT pg_catalog.setval('public.monitoria_id_monitoria_seq', 15, true);


--
-- TOC entry 5112 (class 0 OID 0)
-- Dependencies: 231
-- Name: paciente_id_paciente_seq; Type: SEQUENCE SET; Schema: public; Owner: postgres
--

SELECT pg_catalog.setval('public.paciente_id_paciente_seq', 6, true);


--
-- TOC entry 5113 (class 0 OID 0)
-- Dependencies: 233
-- Name: rol_id_rol_seq; Type: SEQUENCE SET; Schema: public; Owner: postgres
--

SELECT pg_catalog.setval('public.rol_id_rol_seq', 3, true);


--
-- TOC entry 5114 (class 0 OID 0)
-- Dependencies: 235
-- Name: usuario_id_usuario_seq; Type: SEQUENCE SET; Schema: public; Owner: postgres
--

SELECT pg_catalog.setval('public.usuario_id_usuario_seq', 13, true);


--
-- TOC entry 4898 (class 2606 OID 17276)
-- Name: cita cita_pkey; Type: CONSTRAINT; Schema: public; Owner: postgres
--

ALTER TABLE ONLY public.cita
    ADD CONSTRAINT cita_pkey PRIMARY KEY (id_cita);


--
-- TOC entry 4900 (class 2606 OID 17284)
-- Name: disponibilidad disponibilidad_pkey; Type: CONSTRAINT; Schema: public; Owner: postgres
--

ALTER TABLE ONLY public.disponibilidad
    ADD CONSTRAINT disponibilidad_pkey PRIMARY KEY (id_disponibilidad);


--
-- TOC entry 4902 (class 2606 OID 17294)
-- Name: estado estado_nombre_estado_key; Type: CONSTRAINT; Schema: public; Owner: postgres
--

ALTER TABLE ONLY public.estado
    ADD CONSTRAINT estado_nombre_estado_key UNIQUE (nombre_estado);


--
-- TOC entry 4904 (class 2606 OID 17292)
-- Name: estado estado_pkey; Type: CONSTRAINT; Schema: public; Owner: postgres
--

ALTER TABLE ONLY public.estado
    ADD CONSTRAINT estado_pkey PRIMARY KEY (id_estado);


--
-- TOC entry 4906 (class 2606 OID 17307)
-- Name: historial_medico historial_medico_id_cita_key; Type: CONSTRAINT; Schema: public; Owner: postgres
--

ALTER TABLE ONLY public.historial_medico
    ADD CONSTRAINT historial_medico_id_cita_key UNIQUE (id_cita);


--
-- TOC entry 4908 (class 2606 OID 17305)
-- Name: historial_medico historial_medico_pkey; Type: CONSTRAINT; Schema: public; Owner: postgres
--

ALTER TABLE ONLY public.historial_medico
    ADD CONSTRAINT historial_medico_pkey PRIMARY KEY (id_historial);


--
-- TOC entry 4910 (class 2606 OID 17319)
-- Name: medico medico_id_usuario_key; Type: CONSTRAINT; Schema: public; Owner: postgres
--

ALTER TABLE ONLY public.medico
    ADD CONSTRAINT medico_id_usuario_key UNIQUE (id_usuario);


--
-- TOC entry 4912 (class 2606 OID 17317)
-- Name: medico medico_pkey; Type: CONSTRAINT; Schema: public; Owner: postgres
--

ALTER TABLE ONLY public.medico
    ADD CONSTRAINT medico_pkey PRIMARY KEY (id_medico);


--
-- TOC entry 4914 (class 2606 OID 17331)
-- Name: monitoria monitoria_pkey; Type: CONSTRAINT; Schema: public; Owner: postgres
--

ALTER TABLE ONLY public.monitoria
    ADD CONSTRAINT monitoria_pkey PRIMARY KEY (id_monitoria);


--
-- TOC entry 4916 (class 2606 OID 17341)
-- Name: paciente paciente_pkey; Type: CONSTRAINT; Schema: public; Owner: postgres
--

ALTER TABLE ONLY public.paciente
    ADD CONSTRAINT paciente_pkey PRIMARY KEY (id_paciente);


--
-- TOC entry 4918 (class 2606 OID 17352)
-- Name: rol rol_pkey; Type: CONSTRAINT; Schema: public; Owner: postgres
--

ALTER TABLE ONLY public.rol
    ADD CONSTRAINT rol_pkey PRIMARY KEY (id_rol);


--
-- TOC entry 4920 (class 2606 OID 17372)
-- Name: usuario usuario_correo_key; Type: CONSTRAINT; Schema: public; Owner: postgres
--

ALTER TABLE ONLY public.usuario
    ADD CONSTRAINT usuario_correo_key UNIQUE (correo);


--
-- TOC entry 4922 (class 2606 OID 17370)
-- Name: usuario usuario_pkey; Type: CONSTRAINT; Schema: public; Owner: postgres
--

ALTER TABLE ONLY public.usuario
    ADD CONSTRAINT usuario_pkey PRIMARY KEY (id_usuario);


--
-- TOC entry 4931 (class 2606 OID 17418)
-- Name: paciente fk1vx4fcl7eb0wbyvff1184dr0m; Type: FK CONSTRAINT; Schema: public; Owner: postgres
--

ALTER TABLE ONLY public.paciente
    ADD CONSTRAINT fk1vx4fcl7eb0wbyvff1184dr0m FOREIGN KEY (id_usuario) REFERENCES public.usuario(id_usuario);


--
-- TOC entry 4923 (class 2606 OID 17378)
-- Name: cita fk3m4sa30jkr6uyy4krl6k7jir3; Type: FK CONSTRAINT; Schema: public; Owner: postgres
--

ALTER TABLE ONLY public.cita
    ADD CONSTRAINT fk3m4sa30jkr6uyy4krl6k7jir3 FOREIGN KEY (id_medico) REFERENCES public.medico(id_medico);


--
-- TOC entry 4924 (class 2606 OID 17373)
-- Name: cita fk6dirrhf28fq8ijbkkgp84tu5v; Type: FK CONSTRAINT; Schema: public; Owner: postgres
--

ALTER TABLE ONLY public.cita
    ADD CONSTRAINT fk6dirrhf28fq8ijbkkgp84tu5v FOREIGN KEY (id_estado) REFERENCES public.estado(id_estado);


--
-- TOC entry 4925 (class 2606 OID 17383)
-- Name: cita fk7fljkhue1c7r80b4li70f6fh3; Type: FK CONSTRAINT; Schema: public; Owner: postgres
--

ALTER TABLE ONLY public.cita
    ADD CONSTRAINT fk7fljkhue1c7r80b4li70f6fh3 FOREIGN KEY (id_paciente) REFERENCES public.paciente(id_paciente);


--
-- TOC entry 4933 (class 2606 OID 17423)
-- Name: rol fk80hduj4jn6rqkuj60uhcj4ork; Type: FK CONSTRAINT; Schema: public; Owner: postgres
--

ALTER TABLE ONLY public.rol
    ADD CONSTRAINT fk80hduj4jn6rqkuj60uhcj4ork FOREIGN KEY (id_estado) REFERENCES public.estado(id_estado);


--
-- TOC entry 4928 (class 2606 OID 17403)
-- Name: medico fk88ukndsp99d9kgb7kg5oj0v22; Type: FK CONSTRAINT; Schema: public; Owner: postgres
--

ALTER TABLE ONLY public.medico
    ADD CONSTRAINT fk88ukndsp99d9kgb7kg5oj0v22 FOREIGN KEY (id_usuario) REFERENCES public.usuario(id_usuario);


--
-- TOC entry 4930 (class 2606 OID 17408)
-- Name: monitoria fk9kedi67yf10hukn407bn4rlw6; Type: FK CONSTRAINT; Schema: public; Owner: postgres
--

ALTER TABLE ONLY public.monitoria
    ADD CONSTRAINT fk9kedi67yf10hukn407bn4rlw6 FOREIGN KEY (usuario_responsable) REFERENCES public.usuario(id_usuario);


--
-- TOC entry 4926 (class 2606 OID 17388)
-- Name: disponibilidad fke5kqwg1gh821weoulpotbjgct; Type: FK CONSTRAINT; Schema: public; Owner: postgres
--

ALTER TABLE ONLY public.disponibilidad
    ADD CONSTRAINT fke5kqwg1gh821weoulpotbjgct FOREIGN KEY (id_medico) REFERENCES public.medico(id_medico);


--
-- TOC entry 4929 (class 2606 OID 17398)
-- Name: medico fkll3w9pixe8t9047wdj3xh1d0i; Type: FK CONSTRAINT; Schema: public; Owner: postgres
--

ALTER TABLE ONLY public.medico
    ADD CONSTRAINT fkll3w9pixe8t9047wdj3xh1d0i FOREIGN KEY (id_estado) REFERENCES public.estado(id_estado);


--
-- TOC entry 4934 (class 2606 OID 17433)
-- Name: usuario fkmyv3138vvci6kaq3y5kt4cntu; Type: FK CONSTRAINT; Schema: public; Owner: postgres
--

ALTER TABLE ONLY public.usuario
    ADD CONSTRAINT fkmyv3138vvci6kaq3y5kt4cntu FOREIGN KEY (id_rol) REFERENCES public.rol(id_rol);


--
-- TOC entry 4935 (class 2606 OID 17428)
-- Name: usuario fkoi2e3mgfjvia6vuw1s5dh88t2; Type: FK CONSTRAINT; Schema: public; Owner: postgres
--

ALTER TABLE ONLY public.usuario
    ADD CONSTRAINT fkoi2e3mgfjvia6vuw1s5dh88t2 FOREIGN KEY (id_estado) REFERENCES public.estado(id_estado);


--
-- TOC entry 4927 (class 2606 OID 17393)
-- Name: historial_medico fkq0bww3hohbk4tapum7a04oqg5; Type: FK CONSTRAINT; Schema: public; Owner: postgres
--

ALTER TABLE ONLY public.historial_medico
    ADD CONSTRAINT fkq0bww3hohbk4tapum7a04oqg5 FOREIGN KEY (id_cita) REFERENCES public.cita(id_cita);


--
-- TOC entry 4932 (class 2606 OID 17413)
-- Name: paciente fksvkk5htp0eltsie419b5q2mts; Type: FK CONSTRAINT; Schema: public; Owner: postgres
--

ALTER TABLE ONLY public.paciente
    ADD CONSTRAINT fksvkk5htp0eltsie419b5q2mts FOREIGN KEY (id_estado) REFERENCES public.estado(id_estado);


-- Completed on 2025-11-25 22:17:32

--
-- PostgreSQL database dump complete
--

\unrestrict NHoff46VytyqZSmJrskQ5jTJbmCQzJcv2B9qm8JYHpwlsLHushfDmfrP63fSdJf

